[{"model": "portfolio.licenciatura", "pk": 1, "fields": {"nome": "Engenharia Informática", "sigla": "LEI", "grau": "Licenciatura", "ects": 180, "duracao_anos": 3, "url_lusofona": "https://www.ulusofona.pt/licenciatura/engenharia-informatica", "descricao": "O curso de licenciatura em Engenharia Informática da Universidade Lusófona forma licenciados capazes de assumir posições de destaque em projetos de engenharia informática ou equipas de desenvolvimento e consultadoria. Os estudantes obtêm competências adequadas à conceção, realização e manutenção de sistemas informáticos, programação de aplicações e de sistemas, desenho de arquiteturas de computação e comunicações, gestão de sistemas de informação e de conhecimento."}}, {"model": "portfolio.docente", "pk": 1, "fields": {"nome": "Berend Willem Martijn Kuipers", "email": "martijn.kuipers@ulusofona.pt", "url_lusofona": "https://www.ulusofona.pt/docentes/berend-willem-martijn-kuipers-8094", "foto": ""}}, {"model": "portfolio.docente", "pk": 2, "fields": {"nome": "Lucio Studer Ferreira", "email": "lucio.studer@ulusofona.pt", "url_lusofona": "https://www.ulusofona.pt/docentes/lucio-miguel-studer-ferreira-6069", "foto": ""}}, {"model": "portfolio.docente", "pk": 3, "fields": {"nome": "Pedro Hugo De Queirós Alves", "email": "pedro.alves@ulusofona.pt", "url_lusofona": "https://www.ulusofona.pt/docentes/pedro-hugo-de-queiros-alves-4997", "foto": ""}}, {"model": "portfolio.tipotecnologia", "pk": 1, "fields": {"nome": "Frontend"}}, {"model": "portfolio.tipotecnologia", "pk": 2, "fields": {"nome": "Backend"}}, {"model": "portfolio.tipotecnologia", "pk": 3, "fields": {"nome": "Base de Dados"}}, {"model": "portfolio.tipotecnologia", "pk": 4, "fields": {"nome": "Storage"}}, {"model": "portfolio.tipotecnologia", "pk": 5, "fields": {"nome": "Outros"}}, {"model": "portfolio.tecnologia", "pk": 1, "fields": {"nome": "React", "descricao": "", "logo": "", "url_oficial": "https://react.dev", "categoria": "Frontend", "nivel_interesse": 5, "pontos_destaque": "Biblioteca para interfaces reativas com componentes reutilizáveis", "tipo": 1}}, {"model": "portfolio.tecnologia", "pk": 2, "fields": {"nome": "Next.js", "descricao": "", "logo": "", "url_oficial": "https://nextjs.org", "categoria": "Frontend", "nivel_interesse": 5, "pontos_destaque": "Framework React com SSR e routing automático", "tipo": 1}}, {"model": "portfolio.tecnologia", "pk": 3, "fields": {"nome": "TypeScript", "descricao": "", "logo": "", "url_oficial": "https://www.typescriptlang.org", "categoria": "Linguagem", "nivel_interesse": 4, "pontos_destaque": "JavaScript com tipagem estática", "tipo": 1}}, {"model": "portfolio.tecnologia", "pk": 4, "fields": {"nome": "Tailwind CSS", "descricao": "", "logo": "", "url_oficial": "https://tailwindcss.com", "categoria": "Frontend", "nivel_interesse": 4, "pontos_destaque": "Framework CSS utilitário", "tipo": 1}}, {"model": "portfolio.tecnologia", "pk": 5, "fields": {"nome": "SWR", "descricao": "", "logo": "", "url_oficial": "https://swr.vercel.app", "categoria": "Frontend", "nivel_interesse": 3, "pontos_destaque": "Hook para data fetching com cache", "tipo": 1}}, {"model": "portfolio.tecnologia", "pk": 6, "fields": {"nome": "Java", "descricao": "", "logo": "", "url_oficial": "https://www.java.com", "categoria": "Linguagem", "nivel_interesse": 4, "pontos_destaque": "Linguagem orientada a objetos robusta e multiplataforma", "tipo": 2}}, {"model": "portfolio.tecnologia", "pk": 7, "fields": {"nome": "HTML", "descricao": "", "logo": "", "url_oficial": "https://developer.mozilla.org/en-US/docs/Web/HTML", "categoria": "Frontend", "nivel_interesse": 4, "pontos_destaque": "Linguagem de marcação para estrutura web", "tipo": 1}}, {"model": "portfolio.tecnologia", "pk": 8, "fields": {"nome": "CSS", "descricao": "", "logo": "", "url_oficial": "https://developer.mozilla.org/en-US/docs/Web/CSS", "categoria": "Frontend", "nivel_interesse": 4, "pontos_destaque": "Linguagem de estilos para apresentação web", "tipo": 1}}, {"model": "portfolio.tecnologia", "pk": 9, "fields": {"nome": "JavaScript", "descricao": "", "logo": "", "url_oficial": "https://developer.mozilla.org/en-US/docs/Web/JavaScript", "categoria": "Linguagem", "nivel_interesse": 5, "pontos_destaque": "Linguagem de programação para web interativa", "tipo": 1}}, {"model": "portfolio.unidadecurricular", "pk": 1, "fields": {"nome": "Fundamentos de Física", "codigo": "FP1", "ano": 1, "semestre": 1, "ects": 6, "descricao": "", "imagem": "", "licenciatura": 1, "docentes": []}}, {"model": "portfolio.unidadecurricular", "pk": 2, "fields": {"nome": "Fundamentos de Programação", "codigo": "FPR", "ano": 1, "semestre": 1, "ects": 6, "descricao": "", "imagem": "", "licenciatura": 1, "docentes": []}}, {"model": "portfolio.unidadecurricular", "pk": 3, "fields": {"nome": "Matemática Discreta", "codigo": "MD1", "ano": 1, "semestre": 1, "ects": 6, "descricao": "", "imagem": "", "licenciatura": 1, "docentes": []}}, {"model": "portfolio.unidadecurricular", "pk": 4, "fields": {"nome": "Matemática I", "codigo": "MAT1", "ano": 1, "semestre": 1, "ects": 6, "descricao": "", "imagem": "", "licenciatura": 1, "docentes": []}}, {"model": "portfolio.unidadecurricular", "pk": 5, "fields": {"nome": "Sistemas Digitais", "codigo": "SD1", "ano": 1, "semestre": 1, "ects": 6, "descricao": "", "imagem": "", "licenciatura": 1, "docentes": []}}, {"model": "portfolio.unidadecurricular", "pk": 6, "fields": {"nome": "Álgebra Linear", "codigo": "AL1", "ano": 1, "semestre": 2, "ects": 6, "descricao": "", "imagem": "", "licenciatura": 1, "docentes": []}}, {"model": "portfolio.unidadecurricular", "pk": 7, "fields": {"nome": "Algoritmia e Estruturas de Dados", "codigo": "AED", "ano": 1, "semestre": 2, "ects": 6, "descricao": "", "imagem": "", "licenciatura": 1, "docentes": []}}, {"model": "portfolio.unidadecurricular", "pk": 8, "fields": {"nome": "Arquitetura de Computadores", "codigo": "AC1", "ano": 1, "semestre": 2, "ects": 6, "descricao": "", "imagem": "", "licenciatura": 1, "docentes": [1]}}, {"model": "portfolio.unidadecurricular", "pk": 9, "fields": {"nome": "Competências Comportamentais", "codigo": "CB1", "ano": 1, "semestre": 2, "ects": 6, "descricao": "", "imagem": "", "licenciatura": 1, "docentes": []}}, {"model": "portfolio.unidadecurricular", "pk": 10, "fields": {"nome": "Linguagens de Programação I", "codigo": "LP1", "ano": 1, "semestre": 2, "ects": 6, "descricao": "", "imagem": "", "licenciatura": 1, "docentes": []}}, {"model": "portfolio.unidadecurricular", "pk": 11, "fields": {"nome": "Matemática II", "codigo": "MAT2", "ano": 1, "semestre": 2, "ects": 6, "descricao": "", "imagem": "", "licenciatura": 1, "docentes": []}}, {"model": "portfolio.unidadecurricular", "pk": 12, "fields": {"nome": "Arquiteturas Avançadas de Computadores", "codigo": "AAC", "ano": 2, "semestre": 1, "ects": 6, "descricao": "", "imagem": "", "licenciatura": 1, "docentes": []}}, {"model": "portfolio.unidadecurricular", "pk": 13, "fields": {"nome": "Bases de Dados", "codigo": "BD1", "ano": 2, "semestre": 1, "ects": 6, "descricao": "", "imagem": "", "licenciatura": 1, "docentes": []}}, {"model": "portfolio.unidadecurricular", "pk": 14, "fields": {"nome": "Linguagens de Programação II", "codigo": "LP2", "ano": 2, "semestre": 1, "ects": 6, "descricao": "", "imagem": "", "licenciatura": 1, "docentes": [3]}}, {"model": "portfolio.unidadecurricular", "pk": 15, "fields": {"nome": "Probabilidades e Estatística", "codigo": "PE1", "ano": 2, "semestre": 1, "ects": 6, "descricao": "", "imagem": "", "licenciatura": 1, "docentes": []}}, {"model": "portfolio.unidadecurricular", "pk": 16, "fields": {"nome": "Sistemas Operativos", "codigo": "SO1", "ano": 2, "semestre": 1, "ects": 6, "descricao": "", "imagem": "", "licenciatura": 1, "docentes": []}}, {"model": "portfolio.unidadecurricular", "pk": 17, "fields": {"nome": "Engenharia de Requisitos e Testes", "codigo": "ERT", "ano": 2, "semestre": 2, "ects": 6, "descricao": "", "imagem": "", "licenciatura": 1, "docentes": []}}, {"model": "portfolio.unidadecurricular", "pk": 18, "fields": {"nome": "Processamento de Imagem", "codigo": "PI1", "ano": 2, "semestre": 2, "ects": 6, "descricao": "", "imagem": "", "licenciatura": 1, "docentes": []}}, {"model": "portfolio.unidadecurricular", "pk": 19, "fields": {"nome": "Programação Web", "codigo": "PW1", "ano": 2, "semestre": 2, "ects": 6, "descricao": "", "imagem": "", "licenciatura": 1, "docentes": [2]}}, {"model": "portfolio.unidadecurricular", "pk": 20, "fields": {"nome": "Redes de Computadores", "codigo": "RC1", "ano": 2, "semestre": 2, "ects": 6, "descricao": "", "imagem": "", "licenciatura": 1, "docentes": []}}, {"model": "portfolio.unidadecurricular", "pk": 21, "fields": {"nome": "Sistemas de Suporte à Decisão", "codigo": "SSD", "ano": 2, "semestre": 2, "ects": 6, "descricao": "", "imagem": "", "licenciatura": 1, "docentes": []}}, {"model": "portfolio.unidadecurricular", "pk": 22, "fields": {"nome": "Computação Distribuída", "codigo": "CD1", "ano": 3, "semestre": 1, "ects": 6, "descricao": "", "imagem": "", "licenciatura": 1, "docentes": []}}, {"model": "portfolio.unidadecurricular", "pk": 23, "fields": {"nome": "Data Science", "codigo": "DS1", "ano": 3, "semestre": 1, "ects": 6, "descricao": "", "imagem": "", "licenciatura": 1, "docentes": []}}, {"model": "portfolio.unidadecurricular", "pk": 24, "fields": {"nome": "Engenharia de Software", "codigo": "ES1", "ano": 3, "semestre": 1, "ects": 6, "descricao": "", "imagem": "", "licenciatura": 1, "docentes": []}}, {"model": "portfolio.unidadecurricular", "pk": 25, "fields": {"nome": "Interação Humano-Máquina", "codigo": "IHM", "ano": 3, "semestre": 1, "ects": 6, "descricao": "", "imagem": "", "licenciatura": 1, "docentes": []}}, {"model": "portfolio.unidadecurricular", "pk": 26, "fields": {"nome": "Computação Móvel", "codigo": "CM1", "ano": 3, "semestre": 2, "ects": 6, "descricao": "", "imagem": "", "licenciatura": 1, "docentes": []}}, {"model": "portfolio.unidadecurricular", "pk": 27, "fields": {"nome": "Inteligência Artificial", "codigo": "IA1", "ano": 3, "semestre": 2, "ects": 6, "descricao": "", "imagem": "", "licenciatura": 1, "docentes": []}}, {"model": "portfolio.unidadecurricular", "pk": 28, "fields": {"nome": "Segurança Informática", "codigo": "SI1", "ano": 3, "semestre": 2, "ects": 6, "descricao": "", "imagem": "", "licenciatura": 1, "docentes": []}}, {"model": "portfolio.unidadecurricular", "pk": 29, "fields": {"nome": "Sistemas de Informação na Nuvem", "codigo": "SIC", "ano": 3, "semestre": 2, "ects": 6, "descricao": "", "imagem": "", "licenciatura": 1, "docentes": []}}, {"model": "portfolio.projeto", "pk": 1, "fields": {"titulo": "React & Next.js — Frontend Labs & E-Commerce Platform", "descricao": "Modern web application built with React and Next.js, focused on component architecture, state management, and real-world frontend patterns. Inclui product listing com search e sorting, dynamic routes, shopping cart com localStorage, favorites system e countries explorer.", "conceitos_aplicados": "Componentes React, estado com hooks, routing dinâmico, data fetching com SWR, estilos com Tailwind CSS", "imagem": "", "url_github": "https://github.com/miguel-baptista07/Frontend-Labs-E-CommercePlatform", "url_demo": "https://lab11part1.vercel.app/", "data_inicio": "2024-09-01", "data_fim": null, "uc": 19, "tecnologias": [2, 1, 5, 4, 3]}}, {"model": "portfolio.projeto", "pk": 2, "fields": {"titulo": "The Great Programming Journey", "descricao": "Educational board game engine developed in Java, focused on object-oriented design and game logic. Arquitetura OOP complexa com herança e polimorfismo, sem uso de instanceof, lógica turn-based com obstáculos, ferramentas e persistência.", "conceitos_aplicados": "Herança, polimorfismo, encapsulamento, padrões OOP, lógica de jogo", "imagem": "", "url_github": "https://github.com/miguel-baptista07/TheGreatProgrammingJourney", "url_demo": "", "data_inicio": "2024-02-01", "data_fim": null, "uc": 14, "tecnologias": [6]}}, {"model": "portfolio.projeto", "pk": 3, "fields": {"titulo": "Frontend Labs Collection", "descricao": "Collection of frontend labs developed incrementally using HTML, CSS, and JavaScript, evolving towards modern frontend practices. Inclui dynamic data rendering, filters, sorting, user interaction e separação clara de estrutura, estilo e lógica.", "conceitos_aplicados": "HTML semântico, CSS layouts, JavaScript DOM manipulation, separação de responsabilidades", "imagem": "", "url_github": "https://github.com/miguel-baptista07/FrontendLabsCollection", "url_demo": "", "data_inicio": "2024-02-01", "data_fim": null, "uc": 19, "tecnologias": [8, 7, 9]}}, {"model": "portfolio.competencia", "pk": 1, "fields": {"nome": "Programação em Java", "descricao": "Desenvolvimento de aplicações Java com foco em OOP, herança e polimorfismo. Usado em projetos académicos e open source (Spring Boot, Maven).", "nivel": "Intermédio", "categoria": "Linguagens", "tecnologias": [6], "projetos": [2]}}, {"model": "portfolio.competencia", "pk": 2, "fields": {"nome": "Programação em Python", "descricao": "Desenvolvimento de ferramentas de cibersegurança em Python: packet sniffer, port scanner e hash cracker usando raw sockets e criptografia.", "nivel": "Intermédio", "categoria": "Linguagens", "tecnologias": [], "projetos": []}}, {"model": "portfolio.competencia", "pk": 3, "fields": {"nome": "Desenvolvimento Web Frontend", "descricao": "Criação de aplicações web modernas com React, Next.js, TypeScript e Tailwind CSS. Experiência com routing dinâmico, gestão de estado e data fetching.", "nivel": "Intermédio", "categoria": "Frameworks & Libraries", "tecnologias": [8, 7, 9, 2, 1, 4, 3], "projetos": [1, 3]}}, {"model": "portfolio.competencia", "pk": 4, "fields": {"nome": "Controlo de Versões com Git", "descricao": "Utilização profissional de Git e GitHub: branching, pull requests, code review, issue tracking e workflows ágeis. Aplicado em contribuições open source.", "nivel": "Intermédio", "categoria": "Ferramentas", "tecnologias": [], "projetos": []}}, {"model": "portfolio.competencia", "pk": 5, "fields": {"nome": "Cibersegurança", "descricao": "Conhecimentos práticos de cibersegurança: análise de tráfego de rede, scanning de portas, criptografia SHA1 e técnicas de ataque por dicionário.", "nivel": "Iniciante", "categoria": "Área Técnica", "tecnologias": [], "projetos": []}}, {"model": "portfolio.competencia", "pk": 6, "fields": {"nome": "Orientação a Objetos (OOP)", "descricao": "Aplicação de princípios OOP: herança, polimorfismo, encapsulamento e MVC. Usado em Java e projetos académicos.", "nivel": "Intermédio", "categoria": "Conceitos CS", "tecnologias": [6], "projetos": [2]}}, {"model": "portfolio.competencia", "pk": 7, "fields": {"nome": "Contribuição Open Source", "descricao": "Contribuição para repositórios open source com workflow profissional: debugging, testes unitários e de integração, PRs e code review em codebases multi-linguagem (Java, Kotlin, Spring Boot, Django).", "nivel": "Intermédio", "categoria": "Práticas de Desenvolvimento", "tecnologias": [6], "projetos": []}}, {"model": "portfolio.competencia", "pk": 8, "fields": {"nome": "Liderança e Trabalho em Equipa", "descricao": "Capacidade de liderança em situações de pressão e suporte ao desempenho de equipa. Demonstrado no NEDI e como CGI Campus Ambassador.", "nivel": "Intermédio", "categoria": "Soft Skills", "tecnologias": [], "projetos": []}}, {"model": "portfolio.makingof", "pk": 1, "fields": {"titulo": "Modelação da entidade Licenciatura", "descricao": "Modelei a entidade Licenciatura com base na informação disponível no site da Lusófona sobre o curso de Engenharia Informática.", "decisoes_tomadas": "Decidi incluir nome, sigla, grau, ects, duracao_anos, url_lusofona e descricao. Não incluí campos como coordenador por não serem relevantes para um portfolio pessoal. O campo url_lusofona é importante para referenciar a fonte oficial.", "erros_correcoes": "Inicialmente o modelo não tinha os campos grau e duracao_anos. Foram adicionados depois de consultar o site da Lusófona.", "uso_ia": "Utilizei o Claude para sugerir atributos relevantes com base no enunciado e no site da Lusófona. A IA ajudou a estruturar o DER e a gerar os prompts para o Claude Code. As decisões finais foram minhas.", "foto_caderno": "", "data_registo": "2026-05-07", "entidade_relacionada": "Licenciatura"}}, {"model": "portfolio.makingof", "pk": 2, "fields": {"titulo": "Modelação das Unidades Curriculares", "descricao": "Carreguei todas as 28 UCs do curso LEI organizadas por ano e semestre.", "decisoes_tomadas": "Decidi incluir codigo, nome, ano, semestre e ects como atributos principais. A imagem foi deixada para adicionar manualmente no admin. A relação com Docente é ManyToMany porque uma UC pode ter vários docentes e um docente pode lecionar várias UCs. A relação com Licenciatura é FK porque cada UC pertence a uma licenciatura.", "erros_correcoes": "Os códigos das UCs foram definidos manualmente pois a API da Lusófona usa códigos diferentes. Ajustado após verificação.", "uso_ia": "Utilizei o Claude para estruturar o script de carregamento e definir os atributos do modelo. A lista de UCs foi retirada do site da Lusófona.", "foto_caderno": "", "data_registo": "2026-05-07", "entidade_relacionada": "UnidadeCurricular"}}, {"model": "portfolio.makingof", "pk": 3, "fields": {"titulo": "Modelação dos Projetos", "descricao": "Carreguei 3 projetos realizados no âmbito das UCs de Programação Web e Linguagens de Programação II.", "decisoes_tomadas": "Decidi relacionar cada projeto com a UC onde foi desenvolvido (FK) e com as tecnologias usadas (ManyToMany). Incluí url_github porque é fundamental para entrevistas de emprego. O campo conceitos_aplicados permite mostrar o que foi aprendido em cada UC.", "erros_correcoes": "Inicialmente o modelo Projeto não tinha o campo conceitos_aplicados. Foi adicionado para cumprir o requisito mínimo de 5 atributos e por ser relevante para o portfolio.", "uso_ia": "Utilizei o Claude para estruturar o script e sugerir as relações entre entidades. Os dados dos projetos são reais e foram desenvolvidos por mim.", "foto_caderno": "", "data_registo": "2026-05-07", "entidade_relacionada": "Projeto"}}, {"model": "portfolio.makingof", "pk": 4, "fields": {"titulo": "Modelação das Competências", "descricao": "Carreguei 8 competências retiradas do meu CV, organizadas por categoria: Linguagens, Frameworks, Ferramentas, Conceitos CS, Área Técnica, Práticas de Desenvolvimento e Soft Skills.", "decisoes_tomadas": "Decidi relacionar as competências com as tecnologias e projetos já existentes para mostrar evidência concreta de cada competência. O campo nivel segue a escala Iniciante/Intermédio/Avançado, comum em CVs.", "erros_correcoes": "Algumas tecnologias referenciadas no CV (Python, Kotlin, Spring Boot) ainda não estavam na BD como tecnologias. Foram adicionadas as relações apenas com as tecnologias já existentes.", "uso_ia": "Utilizei o Claude para extrair as competências do meu CV e estruturá-las no formato do modelo Django. A seleção e descrição final foi revista por mim.", "foto_caderno": "", "data_registo": "2026-05-07", "entidade_relacionada": "Competencia"}}, {"model": "portfolio.tfc", "pk": 1, "fields": {"titulo": "Abordagens não supervisionadas para deteção de reviews falsas em plataformas de e-commerce", "autor": "Nuno Santinhos", "orientador": "Sofia Fernandes", "licenciatura_nome": "Licenciatura em Ciência de Dados", "ano": 2025, "email": "nunomsantinhos@gmail.com", "url_pdf": "https://teses.deisi.ulusofona.pt/media/teses/TFC_1%C2%BA_entrega.pdf", "url_imagem": "https://teses.deisi.ulusofona.pt/media/teses/Detecting-Fake-Reviews.jpg", "resumo": "O crescimento do e-commerce trouxe um aumento significativo nas avaliações, que desempenham um papel determinante nas decisões de compra dos consumidores. Contudo, o fenómeno das fake reviews compromete a confiança nas plataformas digitais, prejudicando tanto os consumidores como as empresas. Este trabalho propõe a aplicação de técnicas de aprendizagem automatizada, como o algoritmo K-Means, e de modelos avançados baseados em redes neuronais, com o objetivo de identificar padrões associados a avaliações falsas.", "classificacao": 4}}, {"model": "portfolio.tfc", "pk": 2, "fields": {"titulo": "AdvenTour", "autor": "Gonçalo Neves, Lucas Botelho", "orientador": "José Cascais Brás", "licenciatura_nome": "Licenciatura em Engenharia Informática", "ano": 2025, "email": "goncaloneves0207@gmail.com", "url_pdf": null, "url_imagem": "https://teses.deisi.ulusofona.pt/media/teses/AdvenTour.png", "resumo": "Este trabalho propõe o desenvolvimento da aplicação mobile AdvenTour, focada no turismo de aventura, um segmento que tem registado um crescimento notável nos últimos anos. A AdvenTour visa ser uma plataforma centralizada para que os turistas planeiem e encontrem informações sobre aventuras radicais.", "classificacao": 2}}, {"model": "portfolio.tfc", "pk": 3, "fields": {"titulo": "Aplicativo para gestão de voluntários e auxilio de associações de animais", "autor": "Cátia Coelho", "orientador": "Bruno Cipriano, Rodrigo Correia", "licenciatura_nome": "Licenciatura em Informática de Gestão", "ano": 2025, "email": "catiacrcoelho@gmail.com", "url_pdf": "https://teses.deisi.ulusofona.pt/media/teses/TFC_Aluno2116_AnimalTinder.pdf", "url_imagem": "https://teses.deisi.ulusofona.pt/media/teses/imagemAplica%C3%A7%C3%A3o.png", "resumo": "Este projeto consiste no desenvolvimento de uma aplicação móvel que facilite e incentive o envolvimento das pessoas com os animais das associações de proteção animal, promovendo uma maior interação e visibilidade tanto para os animais quanto para as instituições.", "classificacao": 3}}, {"model": "portfolio.tfc", "pk": 4, "fields": {"titulo": "Aplicação Móvel de Audiolivros Infantis", "autor": "Tomás Silva, Carlota Montalvão", "orientador": "Lúcio Studer, Martim Mourão", "licenciatura_nome": "Licenciatura em Engenharia Informática, Licenciatura em Informática de Gestão", "ano": 2025, "email": "thomazo2004@gmail.com", "url_pdf": "https://teses.deisi.ulusofona.pt/media/teses/TFC_DEISI2107_audiolivros_intercalar.pdf", "url_imagem": "https://teses.deisi.ulusofona.pt/media/teses/WhatsApp_Image_2025-03-27_at_18.07.01.jpeg", "resumo": "Este TFC consiste no desenvolvimento e implementação de uma aplicação móvel destinada a disponibilizar audiolivros infantis, bem como a permitir a gravação de audiolivros ou até mesmo histórias imaginadas pelos pais. A oportunidade surgiu em colaboração com a Associação Nacional de Glaucoma Pediátrico.", "classificacao": 4}}, {"model": "portfolio.tfc", "pk": 5, "fields": {"titulo": "Aplicação de controlo de assiduidade c/ terminal de picagem", "autor": "Daniel Martins", "orientador": "Rodrigo Correia", "licenciatura_nome": "Licenciatura em Engenharia Informática", "ano": 2025, "email": "a22102503@alunos.ulht.pt", "url_pdf": "https://teses.deisi.ulusofona.pt/media/teses/TFC_Aluno2108_GEu06bK.pdf", "url_imagem": "https://teses.deisi.ulusofona.pt/media/teses/TFC_Aluno2108_W2fq16u.png", "resumo": "Aplicação web para efetuar o registo de assiduidade e submissão de documentos (justificação de falta, permuta de turno, atestados) + terminal físico para realização de picagem ('pica-ponto').", "classificacao": 2}}, {"model": "portfolio.tfc", "pk": 6, "fields": {"titulo": "Aplicação de técnicas de análise de dados para deteção de fugas e roturas em sistemas de distribuição de água", "autor": "Wilson Silva", "orientador": "Maria Silva", "licenciatura_nome": "Licenciatura em Engenharia Informática", "ano": 2025, "email": "abc@abc.com", "url_pdf": "https://teses.deisi.ulusofona.pt/media/teses/DEISI2065.pdf", "url_imagem": "https://teses.deisi.ulusofona.pt/media/teses/Black-Color.jpg", "resumo": "A criação de zonas de medição e controlo em sistemas de distribuição de água é fundamental para uma gestão adequada e controlo de perdas de água. A monitorização de caudal é um passo essencial para deteção e controlo célere de perdas reais (fugas, roturas em condutas). Este trabalho pretende explorar métodos estatísticos e de análise de dados para deteção e quantificação de fugas e roturas utilizando séries temporais de caudal medido reais.", "classificacao": 4}}, {"model": "portfolio.tfc", "pk": 7, "fields": {"titulo": "Aplicação móvel para rastreio da hepatite C", "autor": "Miguel Santos, Ana Salvador", "orientador": "Pedro Alves", "licenciatura_nome": "Licenciatura em Engenharia Informática", "ano": 2025, "email": "migueledwards8b@gmail.com", "url_pdf": "https://teses.deisi.ulusofona.pt/media/teses/TFC__v1_yxdlD5j.pdf", "url_imagem": "https://teses.deisi.ulusofona.pt/media/teses/icon_scaled.png", "resumo": "Conceção e desenvolvimento de uma aplicação móvel em colaboração com a Associação Ares do Pinhal, uma instituição com vasta experiência no apoio a pessoas com dependências. A aplicação tem como objetivo melhorar a monitorização e a adesão ao tratamento da hepatite C, especialmente para utentes com historial de toxicodependência.", "classificacao": 4}}, {"model": "portfolio.tfc", "pk": 8, "fields": {"titulo": "Aplicação móvel para recomendação de carruagens de comboios e metros com base em informação de ocupação", "autor": "Susana Wang", "orientador": "Bruno Cipriano, Rodrigo Correia", "licenciatura_nome": "Licenciatura em Engenharia Informática", "ano": 2025, "email": "susana2004wang@outlook.pt", "url_pdf": "https://teses.deisi.ulusofona.pt/media/teses/TFC_1%C2%AAentregaIntercalar_SusanaW.pdf", "url_imagem": "https://teses.deisi.ulusofona.pt/media/teses/image.jpg", "resumo": "Este projeto consiste no desenvolvimento de uma aplicação relacionada com o sistema de comboios que recomenda ao utilizador uma carruagem do comboio com a menor percentagem de lotação de pessoas, promovendo uma distribuição mais equilibrada dos passageiros.", "classificacao": 3}}, {"model": "portfolio.tfc", "pk": 9, "fields": {"titulo": "Aplicação móvel para registo e acompanhamento de queixas de mobilidade urbana", "autor": "Rui Ferreira", "orientador": "Pedro Alves", "licenciatura_nome": "Licenciatura em Engenharia Informática", "ano": 2025, "email": "rui.edh.ferreira@gmail.com", "url_pdf": "https://teses.deisi.ulusofona.pt/media/teses/QueixaAquiRelat%C3%B3rioIntercalar.pdf", "url_imagem": "https://teses.deisi.ulusofona.pt/media/teses/Captura_de_ecr%C3%A3_2025-03-31_103307.png", "resumo": "O QueixaAqui é uma aplicação móvel focada no registo e encaminhamento de queixas relacionadas com mobilidade e proteção do ambiente. A plataforma permite que os utilizadores denunciem problemas, anexem fotos e forneçam informações detalhadas sobre as ocorrências.", "classificacao": 3}}, {"model": "portfolio.tfc", "pk": 10, "fields": {"titulo": "Aplicação para identificação de competências de diretores e alunos da Univ. Lusófona", "autor": "Miguel Melo, Rodrigo Dias", "orientador": "Bruno Saraiva, Pedro Alves", "licenciatura_nome": "Licenciatura em Engenharia Informática", "ano": 2025, "email": "miguellopesmelo@gmail.com", "url_pdf": "https://teses.deisi.ulusofona.pt/media/teses/TFC_a21905215_Miguel_Melo_a22205897_Rodrigo_Dias.pdf", "url_imagem": "https://teses.deisi.ulusofona.pt/media/teses/Hello_World.jpg", "resumo": "Desenvolvimento de uma aplicação web no âmbito das teses de mestrado sobre as competências dos alunos e as competências de liderança nas áreas de chefia intermédia. Esta aplicação tem como principal objetivo auxiliar na recolha de respostas e a automatização da análise dessas competências usando NLP.", "classificacao": 4}}, {"model": "portfolio.tfc", "pk": 11, "fields": {"titulo": "Aplicações móveis para reabilitação", "autor": "Mariana Livramento", "orientador": "Pedro Alves, Sofia Naique", "licenciatura_nome": "Licenciatura em Engenharia Informática", "ano": 2025, "email": "marianalopeslivramento@gmail.com", "url_pdf": "https://teses.deisi.ulusofona.pt/media/teses/TFC_-_Aplica%C3%A7%C3%B5es_m%C3%B3veis_para_reabilita%C3%A7%C3%A3o_-_Mariana_Livramento.pdf", "url_imagem": "https://teses.deisi.ulusofona.pt/media/teses/IMG_9307.jpeg", "resumo": "O Centro de Medicina de Reabilitação de Alcoitão é o mais importante centro de reabilitação da península ibérica. Este TFC dá continuidade ao desenvolvimento de 2 aplicações móveis: o Rehabilita (para treino de reabilitação motora) e o Rexiga (para treino de bexiga neurogénica).", "classificacao": 4}}, {"model": "portfolio.tfc", "pk": 12, "fields": {"titulo": "Auto Mecom Website (Oficina de Reparação de Automóveis)", "autor": "Beatriz Neves", "orientador": "Rui Santos", "licenciatura_nome": "Licenciatura em Engenharia Informática", "ano": 2025, "email": "beatrizmneves@gmail.com", "url_pdf": "https://teses.deisi.ulusofona.pt/media/teses/TFC_Empresa2001_Relatorio_Intrecalar_1semestre.docx", "url_imagem": "https://teses.deisi.ulusofona.pt/media/teses/automecon.png", "resumo": "Este trabalho final de curso tem como propósito a melhoria do website da oficina Auto Mecom, iniciado no ano anterior, de forma que seja possível otimizar a experiência do utilizador e expandir algumas funcionalidades necessárias para o bom funcionamento do website.", "classificacao": 2}}, {"model": "portfolio.tfc", "pk": 13, "fields": {"titulo": "Cibersegurança associada aos RPA", "autor": "Rafael Silva, Henrique Franco", "orientador": "José Cascais Brás", "licenciatura_nome": "Licenciatura em Engenharia Informática", "ano": 2025, "email": "rafael.lourenco.silva@gmail.com", "url_pdf": "https://teses.deisi.ulusofona.pt/media/teses/Relatorio_Intercalar_Entrega_1_Final.pdf", "url_imagem": "https://teses.deisi.ulusofona.pt/media/teses/img.jpg", "resumo": "A proposta do trabalho é utilizar a automação de processos (RPA) para detectar as últimas vulnerabilidades dos sistemas organizacionais reportadas, obter os patch de segurança, submeter para atualização dos sistemas e adicionalmente efetuar a automação da detecção de Acessos Não Autorizados e consequente resposta a ameaças.", "classificacao": 5}}, {"model": "portfolio.tfc", "pk": 14, "fields": {"titulo": "Classificação de Pacientes e Previsão de Tempos de Espera para Centro Hospitalar através de modelos Machine Learning", "autor": "Ana Toscano", "orientador": "Iolanda Velho, Sofia Naique", "licenciatura_nome": "Licenciatura em Ciência de Dados", "ano": 2025, "email": "anatoscano9999@gmail.com", "url_pdf": "https://teses.deisi.ulusofona.pt/media/teses/DEISI2058.pdf", "url_imagem": "https://teses.deisi.ulusofona.pt/media/teses/cmra.png", "resumo": "Através da utilização de técnicas de Machine Learning para apoiar a gestão hospitalar, este projeto tem como objetivos: realizar a análise de dados cedidos pelo CMRA; desenvolver um modelo preditivo que permita antecipar o tempo de espera de doentes que chegam ao CMRA para internamento ou ambulatório.", "classificacao": 5}}, {"model": "portfolio.tfc", "pk": 15, "fields": {"titulo": "Classificação do estado de funcionamento de uma eólica offshore recorrendo a AI", "autor": "Tiago Castro Mota", "orientador": "Daniel Fernandes, João Pedro Carvalho", "licenciatura_nome": "Licenciatura em Engenharia Informática", "ano": 2025, "email": "28tiago10c@gmail.com", "url_pdf": "https://teses.deisi.ulusofona.pt/media/teses/TFC___Tiago_3.pdf", "url_imagem": "https://teses.deisi.ulusofona.pt/media/teses/windfloat_1.png", "resumo": "Este trabalho propõe uma abordagem inovadora para prever o estado operacional das três turbinas do cluster WindFloat Atlantic, utilizando dados de código aberto e imagens de satélite avançadas do programa SENTINEL-2, com o objetivo de fornecer informações que melhorem as estratégias de operação e manutenção.", "classificacao": 4}}, {"model": "portfolio.tfc", "pk": 16, "fields": {"titulo": "Comparação de Estratégias de Marketing Digital Baseadas em Redes Sociais para Pequenas e Médias Empresas (PMEs)", "autor": "Perla Lima", "orientador": "Fernando Angelino", "licenciatura_nome": "Licenciatura em Informática de Gestão", "ano": 2025, "email": "perlalima2001@gmail.com", "url_pdf": "https://teses.deisi.ulusofona.pt/media/teses/Aluno2129.pdf", "url_imagem": "https://teses.deisi.ulusofona.pt/media/teses/SMM.jpg", "resumo": "Este trabalho analisa comparativamente as estratégias de marketing digital em redes sociais para PMEs, com foco nas ferramentas publicitárias Facebook Ads, Instagram Ads e TikTok Ads, avaliando a eficácia de cada plataforma em termos de custo-benefício e retorno sobre o investimento.", "classificacao": 2}}, {"model": "portfolio.tfc", "pk": 17, "fields": {"titulo": "Configurador Software Aviónico e gerador de código fonte", "autor": "Ricardo Costa Lopes", "orientador": "Daniel Silveira", "licenciatura_nome": "Licenciatura em Engenharia Informática", "ano": 2025, "email": "ricostalopes@gmail.com", "url_pdf": "https://teses.deisi.ulusofona.pt/media/teses/TFC_DEISI2029_Configurador_Software_Avi%C3%B3nico_e_gerador_de_c%C3%B3digo.pdf", "url_imagem": "https://teses.deisi.ulusofona.pt/media/teses/gmv.jpg", "resumo": "Este projeto tem como referência um projeto do ano anterior, mantendo o objetivo de aprimorar a configuração de sistemas aviónicos espaciais, especificamente no contexto do Integrated Modular Avionic (IMA) e da arquitetura do software AIR desenvolvido pela empresa GMV.", "classificacao": 2}}, {"model": "portfolio.tfc", "pk": 18, "fields": {"titulo": "Dashboard para Monitorização em Tempo Real da Produção e Consumo de Energia no Campus", "autor": "Francisco Lucas", "orientador": "Lúcio Studer, Martijn Kuipers", "licenciatura_nome": "Licenciatura em Engenharia Informática", "ano": 2025, "email": "franciscomlvinagre@gmail.com", "url_pdf": "https://teses.deisi.ulusofona.pt/media/teses/DEISI2118.pdf", "url_imagem": "https://teses.deisi.ulusofona.pt/media/teses/imagemPythonAnywhere.png", "resumo": "Desenvolver um dashboard que mostre a produção de energia pelos painéis fotovoltaicos e o consumo de energia no campus, fornecendo uma visão clara e prática do estado energético da instituição e indicadores de desempenho para sensibilizar as pessoas no campus para a energia eficiente.", "classificacao": 2}}, {"model": "portfolio.tfc", "pk": 19, "fields": {"titulo": "Desenvolvimento em plataforma LowCode", "autor": "Rodrigo Rodrigues, João Ferreira", "orientador": "Rui Ribeiro", "licenciatura_nome": "Licenciatura em Engenharia Informática, Licenciatura em Informática de Gestão", "ano": 2025, "email": "rodrigombrodrigues03@gmail.com", "url_pdf": "https://teses.deisi.ulusofona.pt/media/teses/DEISI2008.pdf", "url_imagem": "https://teses.deisi.ulusofona.pt/media/teses/low-code.jpg", "resumo": "Compreender BD e Plataformas lowcode. Desenhar e criar BD relacional. Desenhar e desenvolver aplicação em lowcode. Conceitos como autenticação, autorização, acessibilidade, responsivo.", "classificacao": 2}}, {"model": "portfolio.tfc", "pk": 20, "fields": {"titulo": "Design and Implementation of a 6G Testbed for Pilot Planning", "autor": "Luisa Ferreira", "orientador": "Luís Campos", "licenciatura_nome": "Licenciatura em Engenharia Informática", "ano": 2025, "email": "luisaferreira614@gmail.com", "url_pdf": "https://teses.deisi.ulusofona.pt/media/teses/itrust6GentregaIntercalar.docx", "url_imagem": "https://teses.deisi.ulusofona.pt/media/teses/logo.png", "resumo": "Establish a robust testing environment to evaluate and validate various 6G network technologies and use cases, ensuring that key features such as dynamic trust, continuous security monitoring, and intelligent edge computing are effectively integrated and assessed.", "classificacao": 4}}, {"model": "portfolio.tfc", "pk": 21, "fields": {"titulo": "Deteção de Microplásticos", "autor": "Damien Nazário", "orientador": "Daniel Fernandes, João Pedro Carvalho", "licenciatura_nome": "Licenciatura em Ciência de Dados", "ano": 2025, "email": "damien.silva6@gmail.com", "url_pdf": "https://teses.deisi.ulusofona.pt/media/teses/TFC_rik0Brg.pdf", "url_imagem": "https://teses.deisi.ulusofona.pt/media/teses/PICA0374.jpg", "resumo": "Neste trabalho final de curso, propõe-se o desenvolvimento de um modelo computacional para a deteção de microplásticos em amostras de água. A metodologia adotada assenta na implementação de algoritmos de processamento de imagem, concebidos para identificar e classificar automaticamente partículas de microplásticos.", "classificacao": 4}}, {"model": "portfolio.tfc", "pk": 22, "fields": {"titulo": "DigiDoc – app inteligente de gerenciamento de documentos", "autor": "Bruno Ramos", "orientador": "Daniel Silveira, Martijn Kuipers", "licenciatura_nome": "Licenciatura em Engenharia Informática", "ano": 2025, "email": "ramosbrunopina@gmail.com", "url_pdf": "https://teses.deisi.ulusofona.pt/media/teses/TFC_DEISI2059_digidoc.pdf", "url_imagem": "https://teses.deisi.ulusofona.pt/media/teses/icon.png", "resumo": "DigiDoc é uma aplicação móvel focada na gestão digital de documentos pessoais. O utilizador pode digitalizar documentos através da câmara, a app deteta automaticamente o documento, realiza extração de texto (OCR) para pesquisa por palavras-chave, mapeia datas de validade e organiza documentos em dossiers.", "classificacao": 3}}, {"model": "portfolio.tfc", "pk": 23, "fields": {"titulo": "Disentanglement in multiparty conversation", "autor": "Daniel Nascimento, Pedro Prata", "orientador": "Bruno Saraiva, Zuil Pirola", "licenciatura_nome": "Licenciatura em Engenharia Informática", "ano": 2025, "email": "daniel.fealves02@gmail.com", "url_pdf": "https://teses.deisi.ulusofona.pt/media/teses/TFC_DEISI_Disentanglement.pdf", "url_imagem": "https://teses.deisi.ulusofona.pt/media/teses/disentang.png", "resumo": "When confronted with multiple people interacting with each other there exists a need to separate and identify multiple conversations to participate in them. We address this challenge by analyzing the current best practices used, attempting potential improvements and studying the use of machine learning techniques to enhance the accuracy and efficiency of conversation disentanglement.", "classificacao": 4}}, {"model": "portfolio.tfc", "pk": 24, "fields": {"titulo": "Ferramenta de Anotação", "autor": "Fábio Lopes", "orientador": "Bruno Saraiva, Zuil Pirola", "licenciatura_nome": "Licenciatura em Engenharia Informática", "ano": 2025, "email": "fabiofalopes@gmail.com", "url_pdf": null, "url_imagem": "https://teses.deisi.ulusofona.pt/media/teses/download.jpeg", "resumo": "Ferramenta de anotação personalizada de dados. Em diversas áreas de machine learning, há a necessidade de anotar dados para que depois possam ser utilizados em modelos. A ferramenta deverá anotar dados de conversas online para resolver o problema de 'disentanglement' em NLP, calculando o nível de concordância entre anotadores.", "classificacao": 4}}, {"model": "portfolio.tfc", "pk": 25, "fields": {"titulo": "Gestão de distribuição alimentar v2", "autor": "Tiago Henrique Duarte Da Silva Jorge", "orientador": "Luís Gomes", "licenciatura_nome": "Licenciatura em Engenharia Informática", "ano": 2025, "email": "tiagohjorge03@gmail.com", "url_pdf": "https://teses.deisi.ulusofona.pt/media/teses/Relatorio_Intercalar_DEISI2042.docx", "url_imagem": "https://teses.deisi.ulusofona.pt/media/teses/IMG_4272.jpeg", "resumo": "Ferramenta de gestão alimentar para controlo de distribuição de alimentos, incluindo gestão de clientes, fornecedores, produtos e faturas com funcionalidades de back-office.", "classificacao": 3}}, {"model": "portfolio.tfc", "pk": 26, "fields": {"titulo": "IMOinvestor: Inovação no Investimento Imobiliário (Back-end)", "autor": "Akashpreet Singh, Gabriel Almeida", "orientador": "Pedro Perdigão", "licenciatura_nome": "Licenciatura em Engenharia Informática", "ano": 2025, "email": "akashpreetsingh739@gmail.com", "url_pdf": "https://teses.deisi.ulusofona.pt/media/teses/DEISI2044.pdf", "url_imagem": "https://teses.deisi.ulusofona.pt/media/teses/DEISI2044_LOGO.png", "resumo": "Este TFC centra-se no desenvolvimento de uma aplicação back-end especializada para o setor imobiliário, integrando funcionalidades como cálculo de ROI, gestão de portfólios e propriedades, e acesso a dados fiscais e projeções de valorização, usando Django REST Framework.", "classificacao": 3}}, {"model": "portfolio.tfc", "pk": 27, "fields": {"titulo": "IMOinvestor: Inovação no Investimento Imobiliário – (Front-end – App & Web)", "autor": "José Vale, Daniel Rodrigues", "orientador": "Pedro Perdigão", "licenciatura_nome": "Licenciatura em Engenharia Informática", "ano": 2025, "email": "zemariavale@gmail.com", "url_pdf": "https://teses.deisi.ulusofona.pt/media/teses/DEISI2043.pdf", "url_imagem": "https://teses.deisi.ulusofona.pt/media/teses/download.jfif", "resumo": "O ImoInvestor é uma plataforma digital inovadora para o mercado imobiliário português, focada em investidores. Este trabalho foca-se no desenvolvimento do front-end, com filtros avançados para imóveis com elevado ROI, gráficos interativos de projeção financeira e relatórios personalizados.", "classificacao": 3}}, {"model": "portfolio.tfc", "pk": 28, "fields": {"titulo": "Identificação de arritmias via app", "autor": "Sebastião Coelho", "orientador": "Iolanda Velho, Lúcio Studer", "licenciatura_nome": "Licenciatura em Informática de Gestão", "ano": 2025, "email": "sebastiao.f.m.coelho@gmail.com", "url_pdf": "https://teses.deisi.ulusofona.pt/media/teses/TFC_DEISI22202310_ARRITMIAS_APP.docx", "url_imagem": "https://teses.deisi.ulusofona.pt/media/teses/ppg.png", "resumo": "O objetivo do trabalho é contribuir para a identificação precoce de arritmias através de um modelo de machine learning e integrar o mesmo numa aplicação móvel capaz de fazer a leitura da frequência cardíaca através de Fotopletismografia, com o objetivo de prever eventos negativos.", "classificacao": 5}}, {"model": "portfolio.tfc", "pk": 29, "fields": {"titulo": "Interface Azure para ERP", "autor": "Tiago Amaro", "orientador": "Luís Gomes", "licenciatura_nome": "Licenciatura em Informática de Gestão", "ano": 2025, "email": "tiago.a8701@gmail.com", "url_pdf": "https://teses.deisi.ulusofona.pt/media/teses/DEISI2037.pdf", "url_imagem": "https://teses.deisi.ulusofona.pt/media/teses/Microsoft_Azure.svg.png", "resumo": "Pretende-se criar uma solução baseada em micro-serviços que permita a integração de ERP empresarial, em particular na componente de Gestão de Recursos Humanos (GRH), com plataforma Microsoft Azure de modo a gerir utilizadores de forma transparente a partir da relação laboral.", "classificacao": 2}}, {"model": "portfolio.tfc", "pk": 30, "fields": {"titulo": "IoT Lab2.0 – CGI – Indústria", "autor": "Ricardo Borges, Samir Natvarlal", "orientador": "José Cascais Brás, Rui Ribeiro", "licenciatura_nome": "Licenciatura em Engenharia Informática", "ano": 2025, "email": "samir.natvarlal@hotmail.com", "url_pdf": "https://teses.deisi.ulusofona.pt/media/teses/DEISI2018.pdf", "url_imagem": "https://teses.deisi.ulusofona.pt/media/teses/deisi14-iot_industria_gsg7jJ5.png", "resumo": "Continuidade de TFC de 2023/24. 'IoT-Internet of Things Lab' baseado em duas maquetes funcionais com o objetivo de materializar a Internet das Coisas em algo físico e real. Desafio: Frontend, Analítica e Machine Learning, Mobile com integração de realidade aumentada.", "classificacao": 5}}, {"model": "portfolio.tfc", "pk": 31, "fields": {"titulo": "My Lessons : Gestão Inteligente de Escolas", "autor": "Francisco Sousa", "orientador": "Lúcio Studer, Martim Mourão", "licenciatura_nome": "Licenciatura em Engenharia Informática", "ano": 2025, "email": "franciscobarrososousa@gmail.com", "url_pdf": null, "url_imagem": "https://teses.deisi.ulusofona.pt/media/teses/app_icon.png", "resumo": "Desenvolvi a plataforma My Lessons, uma solução digital inovadora e integrada que utiliza Inteligência Artificial para automatizar tarefas administrativas rotineiras, libertando tempo para educadores, líderes escolares e famílias. Oferece gestão financeira, organização de aulas, relatórios automáticos e comunicação automatizada.", "classificacao": 4}}, {"model": "portfolio.tfc", "pk": 32, "fields": {"titulo": "NicePandora", "autor": "Francisco Chambel", "orientador": "Daniel Silveira, Pedro Serra", "licenciatura_nome": "Licenciatura em Informática de Gestão", "ano": 2025, "email": "chico.chambel@gmail.com", "url_pdf": "https://teses.deisi.ulusofona.pt/media/teses/TFC_DEISI2112_NicePandora.pdf", "url_imagem": "https://teses.deisi.ulusofona.pt/media/teses/Captura_de_ecr%C3%A3_2025-03-27_114213.png", "resumo": "O Pandora é uma plataforma educacional inovadora que utiliza inteligência artificial para melhorar a avaliação e compreensão de código em ambientes de aprendizagem, proporcionando feedback detalhado e contextualizado ao nível de competência do utilizador.", "classificacao": 4}}, {"model": "portfolio.tfc", "pk": 33, "fields": {"titulo": "OP – Opening Doors", "autor": "Guilherme Ribeiro", "orientador": "Daniel Fernandes, João Pedro Carvalho", "licenciatura_nome": "Licenciatura em Engenharia Informática", "ano": 2025, "email": "guilhermedlr6@gmail.com", "url_pdf": "https://teses.deisi.ulusofona.pt/media/teses/DEISI2079.pdf", "url_imagem": "https://teses.deisi.ulusofona.pt/media/teses/istockphoto-1276559838-612x612.jpg", "resumo": "O projeto consiste na criação de um sistema para controlo remoto de portas utilizando um servidor Flask e um Arduino Uno WiFi. O servidor Flask gere utilizadores e portas através de uma API REST, permitindo registar utilizadores, criar e gerir portas, e enviar comandos ao Arduino para abrir ou fechar portas.", "classificacao": 3}}, {"model": "portfolio.tfc", "pk": 34, "fields": {"titulo": "Plataforma MentHA Digital, Mental Health and Aging", "autor": "Tomás Nave, André Jesus", "orientador": "Lúcio Studer", "licenciatura_nome": "Licenciatura em Engenharia Informática", "ano": 2025, "email": "tomasdasilvanave@gmail.com", "url_pdf": "https://teses.deisi.ulusofona.pt/media/teses/DEISI2106.pdf", "url_imagem": "https://teses.deisi.ulusofona.pt/media/teses/MentHA_LNEDj6R.png", "resumo": "O Projeto MentHA (Mental Health and Aging) tem como objetivo desenvolver e otimizar uma aplicação Web destinada a melhorar o bem-estar e a qualidade de vida de adultos mais velhos com défice cognitivo, demência leve ou transtornos dissociativos de identidade, bem como apoiar os seus cuidadores.", "classificacao": 4}}, {"model": "portfolio.tfc", "pk": 35, "fields": {"titulo": "Plataforma de Cibersegurança Inteligente", "autor": "Miguel Lourêço, Vasco Pereira", "orientador": "Rui Ribeiro", "licenciatura_nome": "Licenciatura em Engenharia Informática", "ano": 2025, "email": "miguellourencoo2004@gmail.com", "url_pdf": "https://teses.deisi.ulusofona.pt/media/teses/DEISI2027.pdf", "url_imagem": "https://teses.deisi.ulusofona.pt/media/teses/DEISI2027.webp", "resumo": "Plataforma que recolhe toda a informação dos vários ativos de uma empresa (servidores, PCs, switches, routers, etc) para permitir ter toda a visão de cadastro e controlo de segurança centralizada.", "classificacao": 4}}, {"model": "escola.professor", "pk": 1, "fields": {"nome": "Lúcio Studer", "email": "lucio.studer@ulht.pt"}}, {"model": "escola.professor", "pk": 2, "fields": {"nome": "Pedro Perdigão", "email": "pedro.perdigao@ulht.pt"}}, {"model": "escola.professor", "pk": 3, "fields": {"nome": "Luís Sousa", "email": "luis.sousa@ulht.pt"}}, {"model": "escola.aluno", "pk": 1, "fields": {"nome": "Miguel Baptista", "numero": 22405192}}, {"model": "escola.aluno", "pk": 2, "fields": {"nome": "Lourenço Madeira", "numero": 22405191}}, {"model": "escola.aluno", "pk": 3, "fields": {"nome": "Gonçalo Gonçalves", "numero": 22405201}}, {"model": "escola.curso", "pk": 1, "fields": {"nome": "Django", "imagem": "cursos/django.png", "professor": 1, "alunos": [1, 2, 3]}}, {"model": "escola.curso", "pk": 2, "fields": {"nome": "Spring Boot", "imagem": "cursos/springboot.png", "professor": 2, "alunos": [1, 2, 3]}}, {"model": "escola.curso", "pk": 3, "fields": {"nome": "Next.js", "imagem": "cursos/next.png", "professor": 1, "alunos": [1, 2, 3]}}, {"model": "escola.curso", "pk": 4, "fields": {"nome": "Vue.js", "imagem": "cursos/vue.png", "professor": 3, "alunos": [1, 2, 3]}}, {"model": "accounts.magictoken", "pk": 1, "fields": {"user": 1, "token": "daf9c01b-db82-4b4a-b1cb-8a92325c9d12", "criado_em": "2026-04-30T09:37:01.708Z", "usado": true}}]
